# train_loss,val_loss
8.381606101989746094e+00,8.316213607788085938e+00
8.280670166015625000e+00,8.243295669555664062e+00
8.212895393371582031e+00,8.178305625915527344e+00
8.148026466369628906e+00,8.113670349121093750e+00
8.083500862121582031e+00,8.049343109130859375e+00
8.019309997558593750e+00,7.985384464263916016e+00
7.955492973327636719e+00,7.921798229217529297e+00
7.892036914825439453e+00,7.858583450317382812e+00
7.828952789306640625e+00,7.795739650726318359e+00
7.766233921051025391e+00,7.733254432678222656e+00
7.703878402709960938e+00,7.671127796173095703e+00
7.641890525817871094e+00,7.609372615814208984e+00
7.580258846282958984e+00,7.547977447509765625e+00
7.518990039825439453e+00,7.486936569213867188e+00
7.458066463470458984e+00,7.426232337951660156e+00
7.397500038146972656e+00,7.365876674652099609e+00
7.337261676788330078e+00,7.305868148803710938e+00
7.277368068695068359e+00,7.246196746826171875e+00
7.217810153961181641e+00,7.186841964721679688e+00
7.158570766448974609e+00,7.127810001373291016e+00
7.099664688110351562e+00,7.069104194641113281e+00
7.041075229644775391e+00,7.010726928710937500e+00
6.982792854309082031e+00,6.952641010284423828e+00
6.924823284149169922e+00,6.894866943359375000e+00
6.867158889770507812e+00,6.837399482727050781e+00
6.809797286987304688e+00,6.780231475830078125e+00
6.752730369567871094e+00,6.723342895507812500e+00
6.695947170257568359e+00,6.666764736175537109e+00
6.639464855194091797e+00,6.610460281372070312e+00
6.583257675170898438e+00,6.554423332214355469e+00
6.527334213256835938e+00,6.498681068420410156e+00
6.471683025360107422e+00,6.443217277526855469e+00
6.416306018829345703e+00,6.387998104095458984e+00
6.361194610595703125e+00,6.333064079284667969e+00
6.306345939636230469e+00,6.278383731842041016e+00
6.251761913299560547e+00,6.223966121673583984e+00
6.197439193725585938e+00,6.169814586639404297e+00
6.143362522125244141e+00,6.115887641906738281e+00
6.089541912078857422e+00,6.062230110168457031e+00
6.035968303680419922e+00,6.008821010589599609e+00
5.982641220092773438e+00,5.955641269683837891e+00
5.929559707641601562e+00,5.902707576751708984e+00
5.876708030700683594e+00,5.850026130676269531e+00
5.824101448059082031e+00,5.797554492950439453e+00
5.771722793579101562e+00,5.745326995849609375e+00
5.719577312469482422e+00,5.693330764770507812e+00
5.667664051055908203e+00,5.641560077667236328e+00
5.615976810455322266e+00,5.590017318725585938e+00
5.564515590667724609e+00,5.538696289062500000e+00
5.513275623321533203e+00,5.487595081329345703e+00
5.462259769439697266e+00,5.436715602874755859e+00
5.411458015441894531e+00,5.386051177978515625e+00
5.360877513885498047e+00,5.335609912872314453e+00
5.310508728027343750e+00,5.285372257232666016e+00
5.260356426239013672e+00,5.235355377197265625e+00
5.210417270660400391e+00,5.185550689697265625e+00
5.160687446594238281e+00,5.135955810546875000e+00
5.111168861389160156e+00,5.086568355560302734e+00
5.061862468719482422e+00,5.037392616271972656e+00
5.012764453887939453e+00,4.988425731658935547e+00
4.963871955871582031e+00,4.939661026000976562e+00
4.915186405181884766e+00,4.891106605529785156e+00
4.866709709167480469e+00,4.842757701873779297e+00
4.818438053131103516e+00,4.794617652893066406e+00
4.770374298095703125e+00,4.746680736541748047e+00
4.722514629364013672e+00,4.698953151702880859e+00
4.674862384796142578e+00,4.651430130004882812e+00
4.627417087554931641e+00,4.604108333587646484e+00
4.580179214477539062e+00,4.557000637054443359e+00
4.533142089843750000e+00,4.510095596313476562e+00
4.486316680908203125e+00,4.463399410247802734e+00
4.439698696136474609e+00,4.416917324066162109e+00
4.393290042877197266e+00,4.370635986328125000e+00
4.347090721130371094e+00,4.324565410614013672e+00
4.301101684570312500e+00,4.278713226318359375e+00
4.255325317382812500e+00,4.233063220977783203e+00
4.209759712219238281e+00,4.187635421752929688e+00
4.164411067962646484e+00,4.142421245574951172e+00
4.119277477264404297e+00,4.097427368164062500e+00
4.074362754821777344e+00,4.052648544311523438e+00
4.029664516448974609e+00,4.008084774017333984e+00
3.985189914703369141e+00,3.963749885559082031e+00
3.940938711166381836e+00,3.919635534286499023e+00
3.896907567977905273e+00,3.875752449035644531e+00
3.853110313415527344e+00,3.832098960876464844e+00
3.809539079666137695e+00,3.788667678833007812e+00
3.766200065612792969e+00,3.745477676391601562e+00
3.723095655441284180e+00,3.702523231506347656e+00
3.680230379104614258e+00,3.659808874130249023e+00
3.637602090835571289e+00,3.617328405380249023e+00
3.595216989517211914e+00,3.575097084045410156e+00
3.553078651428222656e+00,3.533112764358520508e+00
3.511188507080078125e+00,3.491384029388427734e+00
3.469544649124145508e+00,3.449896574020385742e+00
3.428159236907958984e+00,3.408669948577880859e+00
3.387029647827148438e+00,3.367702007293701172e+00
3.346158266067504883e+00,3.327001094818115234e+00
3.305557966232299805e+00,3.286564826965332031e+00
3.265212774276733398e+00,3.246388435363769531e+00
3.225148916244506836e+00,3.206492900848388672e+00
3.185350656509399414e+00,3.166867733001708984e+00
3.145829200744628906e+00,3.127527236938476562e+00
3.106589317321777344e+00,3.088461399078369141e+00
3.067631721496582031e+00,3.049683570861816406e+00
3.028960466384887695e+00,3.011192083358764648e+00
2.990581750869750977e+00,2.972998142242431641e+00
2.952491760253906250e+00,2.935094594955444336e+00
2.914701223373413086e+00,2.897487401962280273e+00
2.877209186553955078e+00,2.860189914703369141e+00
2.840018987655639648e+00,2.823191165924072266e+00
2.803134679794311523e+00,2.786500215530395508e+00
2.766561985015869141e+00,2.750122785568237305e+00
2.730299472808837891e+00,2.714059114456176758e+00
2.694351434707641602e+00,2.678314447402954102e+00
2.658725738525390625e+00,2.642883062362670898e+00
2.623415231704711914e+00,2.607778310775756836e+00
2.588431358337402344e+00,2.572999000549316406e+00
2.553773403167724609e+00,2.538546800613403320e+00
2.519444227218627930e+00,2.504425287246704102e+00
2.485448360443115234e+00,2.470638036727905273e+00
2.451785564422607422e+00,2.437186717987060547e+00
2.418457269668579102e+00,2.404071092605590820e+00
2.385471582412719727e+00,2.371297121047973633e+00
2.352823495864868164e+00,2.338866949081420898e+00
2.320523977279663086e+00,2.306774854660034180e+00
2.288557052612304688e+00,2.275032281875610352e+00
2.256943464279174805e+00,2.243633031845092773e+00
2.225678205490112305e+00,2.212582111358642578e+00
2.194758892059326172e+00,2.181889295578002930e+00
2.164193868637084961e+00,2.151535749435424805e+00
2.133974313735961914e+00,2.121538400650024414e+00
2.104112148284912109e+00,2.091896772384643555e+00
2.074602842330932617e+00,2.062610864639282227e+00
2.045444965362548828e+00,2.033668041229248047e+00
2.016642570495605469e+00,2.005089998245239258e+00
1.988198637962341309e+00,1.976863980293273926e+00
1.960103392601013184e+00,1.948992013931274414e+00
1.932368993759155273e+00,1.921480059623718262e+00
1.904982924461364746e+00,1.894312024116516113e+00
1.877956390380859375e+00,1.867504596710205078e+00
1.851282358169555664e+00,1.841049790382385254e+00
1.824957847595214844e+00,1.814946889877319336e+00
1.798995375633239746e+00,1.789198040962219238e+00
1.773380756378173828e+00,1.763801217079162598e+00
1.748116493225097656e+00,1.738770127296447754e+00
1.723200917243957520e+00,1.714058279991149902e+00
1.698634386062622070e+00,1.689715623855590820e+00
1.674415469169616699e+00,1.665703177452087402e+00
1.650539398193359375e+00,1.642046928405761719e+00
1.627011418342590332e+00,1.618727207183837891e+00
1.603826284408569336e+00,1.595752120018005371e+00
1.580980062484741211e+00,1.573119640350341797e+00
1.558474183082580566e+00,1.550817966461181641e+00
1.536301255226135254e+00,1.528851747512817383e+00
1.514463782310485840e+00,1.507224082946777344e+00
1.492962241172790527e+00,1.485917687416076660e+00
1.471781253814697266e+00,1.464943528175354004e+00
1.450930833816528320e+00,1.444292187690734863e+00
1.430402636528015137e+00,1.423963308334350586e+00
1.410199642181396484e+00,1.403953552246093750e+00
1.390309691429138184e+00,1.384259939193725586e+00
1.370738148689270020e+00,1.364882826805114746e+00
1.351480960845947266e+00,1.345812678337097168e+00
1.332533001899719238e+00,1.327052474021911621e+00
1.313889384269714355e+00,1.308593392372131348e+00
1.295550107955932617e+00,1.290453433990478516e+00
1.277502179145812988e+00,1.272577762603759766e+00
1.259758114814758301e+00,1.255021691322326660e+00
1.242311358451843262e+00,1.237738847732543945e+00
1.225145936012268066e+00,1.220754623413085938e+00
1.208266139030456543e+00,1.204056501388549805e+00
1.191674351692199707e+00,1.187631726264953613e+00
1.175362825393676758e+00,1.171491146087646484e+00
1.159324288368225098e+00,1.155619263648986816e+00
1.143559694290161133e+00,1.140016436576843262e+00
1.128061771392822266e+00,1.124688982963562012e+00
1.112831473350524902e+00,1.109613895416259766e+00
1.097862005233764648e+00,1.094802737236022949e+00
1.083150386810302734e+00,1.080249667167663574e+00
1.068691849708557129e+00,1.065944790840148926e+00
1.054485440254211426e+00,1.051889777183532715e+00
1.040528297424316406e+00,1.038080096244812012e+00
1.026811122894287109e+00,1.024511218070983887e+00
1.013334512710571289e+00,1.011185884475708008e+00
1.000104427337646484e+00,9.980822801589965820e-01
9.870946407318115234e-01,9.852284789085388184e-01
9.743145704269409180e-01,9.725786447525024414e-01
9.617689251899719238e-01,9.601656198501586914e-01
9.494256377220153809e-01,9.479656815528869629e-01
9.373236894607543945e-01,9.359869360923767090e-01
9.254269599914550781e-01,9.242153763771057129e-01
9.137296676635742188e-01,9.126701354980468750e-01
9.022542238235473633e-01,9.013053774833679199e-01
8.909813165664672852e-01,8.901560306549072266e-01
8.799121975898742676e-01,8.792065978050231934e-01
8.690381050109863281e-01,8.684511780738830566e-01
8.583529591560363770e-01,8.578886389732360840e-01
8.478671312332153320e-01,8.475173711776733398e-01
8.375650048255920410e-01,8.373296856880187988e-01
8.274485468864440918e-01,8.273235559463500977e-01
8.165298700332641602e-01,8.115264773368835449e-01
8.029630184173583984e-01,8.021684885025024414e-01
7.924447655677795410e-01,7.923739552497863770e-01
7.830525040626525879e-01,7.825852036476135254e-01
7.732521295547485352e-01,7.731648087501525879e-01
7.640651464462280273e-01,7.639943957328796387e-01
7.548868656158447266e-01,7.549526691436767578e-01
7.459673285484313965e-01,7.461593151092529297e-01
7.371736168861389160e-01,7.374341487884521484e-01
7.285398840904235840e-01,7.289161682128906250e-01
7.200854420661926270e-01,7.205456495285034180e-01
7.117645740509033203e-01,7.123252749443054199e-01
7.036082744598388672e-01,7.042513489723205566e-01
6.955974102020263672e-01,6.963252425193786621e-01
6.877278685569763184e-01,6.885353922843933105e-01
6.799896359443664551e-01,6.808995604515075684e-01
6.724032759666442871e-01,6.733791232109069824e-01
6.649405956268310547e-01,6.660059094429016113e-01
6.576157212257385254e-01,6.587569713592529297e-01
6.504352688789367676e-01,6.516397595405578613e-01
6.433711051940917969e-01,6.446696519851684570e-01
6.364182233810424805e-01,6.377920508384704590e-01
6.296085715293884277e-01,6.310454607009887695e-01
6.229016780853271484e-01,6.244165301322937012e-01
6.163358688354492188e-01,6.179087758064270020e-01
6.098626852035522461e-01,6.115259528160095215e-01
6.035192608833312988e-01,6.052350401878356934e-01
5.972872376441955566e-01,5.990660190582275391e-01
5.911542773246765137e-01,5.930075645446777344e-01
5.851358175277709961e-01,5.870484709739685059e-01
5.792272686958312988e-01,5.811994075775146484e-01
5.734151005744934082e-01,5.754498243331909180e-01
5.677066445350646973e-01,5.698044300079345703e-01
5.621002316474914551e-01,5.642522573471069336e-01
5.565898418426513672e-01,5.588008761405944824e-01
5.511791110038757324e-01,5.534460544586181641e-01
5.458562374114990234e-01,5.481777787208557129e-01
5.406318902969360352e-01,5.430067777633666992e-01
5.354989171028137207e-01,5.379205942153930664e-01
5.304468274116516113e-01,5.329219698905944824e-01
5.254813432693481445e-01,5.280174016952514648e-01
5.206099748611450195e-01,5.231837630271911621e-01
5.158138275146484375e-01,5.184423327445983887e-01
5.111039876937866211e-01,5.137776732444763184e-01
5.064745545387268066e-01,5.091930627822875977e-01
5.019250512123107910e-01,5.046887397766113281e-01
4.974541366100311279e-01,5.002602934837341309e-01
4.930624961853027344e-01,4.959135353565216064e-01
4.887516200542449951e-01,4.916313290596008301e-01
4.844848215579986572e-01,4.874435067176818848e-01
4.803067147731781006e-01,4.832859039306640625e-01
4.762117564678192139e-01,4.792188405990600586e-01
4.721644222736358643e-01,4.752210676670074463e-01
4.681866466999053955e-01,4.712847769260406494e-01
4.642875194549560547e-01,4.674204289913177490e-01
4.604482948780059814e-01,4.636232852935791016e-01
4.566795825958251953e-01,4.598790705204010010e-01
4.529566466808319092e-01,4.562139213085174561e-01
4.493117332458496094e-01,4.525904059410095215e-01
4.457224905490875244e-01,4.490332901477813721e-01
4.421865344047546387e-01,4.455354213714599609e-01
4.387127757072448730e-01,4.420938193798065186e-01
4.352964758872985840e-01,4.387097060680389404e-01
4.319367408752441406e-01,4.353813827037811279e-01
4.286321401596069336e-01,4.321070909500122070e-01
4.253863394260406494e-01,4.288859665393829346e-01
4.222032129764556885e-01,4.257218241691589355e-01
4.190352261066436768e-01,4.226073920726776123e-01
4.159169495105743408e-01,4.179634153842926025e-01
4.064728021621704102e-01,4.055790305137634277e-01
4.010706245899200439e-01,4.034837484359741211e-01
3.964874744415283203e-01,3.979578316211700439e-01
3.879522383213043213e-01,3.848969340324401855e-01
3.787701427936553955e-01,3.821401298046112061e-01
3.766299188137054443e-01,3.784781694412231445e-01
3.724375665187835693e-01,3.745644688606262207e-01
3.690842688083648682e-01,3.718384802341461182e-01
3.663487136363983154e-01,3.689466714859008789e-01
3.633692860603332520e-01,3.658881485462188721e-01
3.603823482990264893e-01,3.630358874797821045e-01
3.576042354106903076e-01,3.603029251098632812e-01
3.548735678195953369e-01,3.575717210769653320e-01
3.521516919136047363e-01,3.548756837844848633e-01
3.494844436645507812e-01,3.522450923919677734e-01
3.468735814094543457e-01,3.496533334255218506e-01
3.443286418914794922e-01,3.476916253566741943e-01
3.430996835231781006e-01,3.471489250659942627e-01
3.425493240356445312e-01,3.466202616691589355e-01
3.420158922672271729e-01,3.460842370986938477e-01
3.414830863475799561e-01,3.455532789230346680e-01
3.409540355205535889e-01,3.450264036655426025e-01
3.404212892055511475e-01,3.444960713386535645e-01
3.398960530757904053e-01,3.439685702323913574e-01
3.393660485744476318e-01,3.434460163116455078e-01
3.388374447822570801e-01,3.429180979728698730e-01
3.383118808269500732e-01,3.423935174942016602e-01
3.377943038940429688e-01,3.418719768524169922e-01
3.372547030448913574e-01,3.413511216640472412e-01
3.367456197738647461e-01,3.408238291740417480e-01
3.362109661102294922e-01,3.403060138225555420e-01
3.356878161430358887e-01,3.397812545299530029e-01
3.351656794548034668e-01,3.392603397369384766e-01
3.346463441848754883e-01,3.387404680252075195e-01
3.341230452060699463e-01,3.382210433483123779e-01
3.336108922958374023e-01,3.377015292644500732e-01
3.331015408039093018e-01,3.371933400630950928e-01
3.325789868831634521e-01,3.366745114326477051e-01
3.320458233356475830e-01,3.361660242080688477e-01
3.315343856811523438e-01,3.356315195560455322e-01
3.310176432132720947e-01,3.351174294948577881e-01
3.305004537105560303e-01,3.346123397350311279e-01
3.299794495105743408e-01,3.340912759304046631e-01
3.294666409492492676e-01,3.335738480091094971e-01
3.289727270603179932e-01,3.330631256103515625e-01
3.284464478492736816e-01,3.325536251068115234e-01
3.279285728931427002e-01,3.320475816726684570e-01
3.274184465408325195e-01,3.315232098102569580e-01
3.268981873989105225e-01,3.310159742832183838e-01
3.263868093490600586e-01,3.304995596408843994e-01
3.258735239505767822e-01,3.299904763698577881e-01
3.253636360168457031e-01,3.294804394245147705e-01
3.248597681522369385e-01,3.289713561534881592e-01
3.243449032306671143e-01,3.284634351730346680e-01
3.238392770290374756e-01,3.279565572738647461e-01
3.233386874198913574e-01,3.274519443511962891e-01
3.228344917297363281e-01,3.269432187080383301e-01
3.223147988319396973e-01,3.264455497264862061e-01
3.218148946762084961e-01,3.259326517581939697e-01
3.213073909282684326e-01,3.254316747188568115e-01
3.208024501800537109e-01,3.249274492263793945e-01
3.203004002571105957e-01,3.244262337684631348e-01
3.197969198226928711e-01,3.239207565784454346e-01
3.192951679229736328e-01,3.234190642833709717e-01
3.187919855117797852e-01,3.229221701622009277e-01
3.182962834835052490e-01,3.224200308322906494e-01
3.177908360958099365e-01,3.219241201877593994e-01
3.172927200794219971e-01,3.214203715324401855e-01
3.167975246906280518e-01,3.209250569343566895e-01
3.162955343723297119e-01,3.204256892204284668e-01
3.158014118671417236e-01,3.199276328086853027e-01
3.153065443038940430e-01,3.194310069084167480e-01
3.148095309734344482e-01,3.189425170421600342e-01
3.143143355846405029e-01,3.184450864791870117e-01
3.138169646263122559e-01,3.179518580436706543e-01
3.133214712142944336e-01,3.174554705619812012e-01
3.128304183483123779e-01,3.169618248939514160e-01
3.123437166213989258e-01,3.164701759815216064e-01
3.118488192558288574e-01,3.159797191619873047e-01
3.113580346107482910e-01,3.154902756214141846e-01
3.108648061752319336e-01,3.150009810924530029e-01
3.103789389133453369e-01,3.145099580287933350e-01
3.098883032798767090e-01,3.140219449996948242e-01
3.093987405300140381e-01,3.135399520397186279e-01
3.089208602905273438e-01,3.130494952201843262e-01
3.084313273429870605e-01,3.125631809234619141e-01
3.079421222209930420e-01,3.120776414871215820e-01
3.074570298194885254e-01,3.115926980972290039e-01
3.069802522659301758e-01,3.111095130443572998e-01
3.065186440944671631e-01,3.106291294097900391e-01
3.060041666030883789e-01,3.101557195186614990e-01
3.055293262004852295e-01,3.096683621406555176e-01
3.050494492053985596e-01,3.091859817504882812e-01
3.045778274536132812e-01,3.087057173252105713e-01
3.040980100631713867e-01,3.082259297370910645e-01
3.036192059516906738e-01,3.077464997768402100e-01
3.031368553638458252e-01,3.072696626186370850e-01
3.026657104492187500e-01,3.067936003208160400e-01
3.021911680698394775e-01,3.063237667083740234e-01
3.017164170742034912e-01,3.058516979217529297e-01
3.012592792510986328e-01,3.053719699382781982e-01
3.007770180702209473e-01,3.049023151397705078e-01
3.002970814704895020e-01,3.044309914112091064e-01
2.998129129409790039e-01,3.039616644382476807e-01
2.993477284908294678e-01,3.034812808036804199e-01
2.988739907741546631e-01,3.030111193656921387e-01
2.984013259410858154e-01,3.025422394275665283e-01
2.979384064674377441e-01,3.020751178264617920e-01
2.974682748317718506e-01,3.016079664230346680e-01
2.970024049282073975e-01,3.011410534381866455e-01
2.965383827686309814e-01,3.006739318370819092e-01
2.960737645626068115e-01,3.002134561538696289e-01
2.956096827983856201e-01,2.997454106807708740e-01
2.951417565345764160e-01,2.992831170558929443e-01
2.946793138980865479e-01,2.988231778144836426e-01
2.942186594009399414e-01,2.983592450618743896e-01
2.937586605548858643e-01,2.978987097740173340e-01
2.933001518249511719e-01,2.974402904510498047e-01
2.928394377231597900e-01,2.969826459884643555e-01
2.923818826675415039e-01,2.965244948863983154e-01
2.919253408908843994e-01,2.960665822029113770e-01
2.914730012416839600e-01,2.956105470657348633e-01
2.910141646862030029e-01,2.951563596725463867e-01
2.905596494674682617e-01,2.947014868259429932e-01
2.901051342487335205e-01,2.942471802234649658e-01
2.896532118320465088e-01,2.937965393066406250e-01
2.892029285430908203e-01,2.933430373668670654e-01
2.887600064277648926e-01,2.928931415081024170e-01
2.883015573024749756e-01,2.924424707889556885e-01
2.878481745719909668e-01,2.919934391975402832e-01
2.874018549919128418e-01,2.915478646755218506e-01
2.869638204574584961e-01,2.910998463630676270e-01
2.865207791328430176e-01,2.906506061553955078e-01
2.860709428787231445e-01,2.902075648307800293e-01
2.856190800666809082e-01,2.897605001926422119e-01
2.851841449737548828e-01,2.893225550651550293e-01
2.847394645214080811e-01,2.888742089271545410e-01
2.842900753021240234e-01,2.884320318698883057e-01
2.838472723960876465e-01,2.879910171031951904e-01
2.834067642688751221e-01,2.875511646270751953e-01
2.829705178737640381e-01,2.871120274066925049e-01
2.825292348861694336e-01,2.866755723953247070e-01
2.820917665958404541e-01,2.862377464771270752e-01
2.816537618637084961e-01,2.858005464076995850e-01
2.812244296073913574e-01,2.853657901287078857e-01
2.807969152927398682e-01,2.849462032318115234e-01
2.803644537925720215e-01,2.844962179660797119e-01
2.799213528633117676e-01,2.840634882450103760e-01
2.794899642467498779e-01,2.836326658725738525e-01
2.790594100952148438e-01,2.832008302211761475e-01
2.786364853382110596e-01,2.827713787555694580e-01
2.782021462917327881e-01,2.823480665683746338e-01
2.777743339538574219e-01,2.819131612777709961e-01
2.773561775684356689e-01,2.814920842647552490e-01
2.769172787666320801e-01,2.810594439506530762e-01
2.764912843704223633e-01,2.806418240070343018e-01
2.760750055313110352e-01,2.802127897739410400e-01
2.756624817848205566e-01,2.798073589801788330e-01
2.752302289009094238e-01,2.793632745742797852e-01
2.748021781444549561e-01,2.789433300495147705e-01
2.743797898292541504e-01,2.785209417343139648e-01
2.739672362804412842e-01,2.781061530113220215e-01
2.735513150691986084e-01,2.777086496353149414e-01
2.731457650661468506e-01,2.772859632968902588e-01
2.727304697036743164e-01,2.769046425819396973e-01
2.723107039928436279e-01,2.764427959918975830e-01
2.718793153762817383e-01,2.760646641254425049e-01
2.714818716049194336e-01,2.756077647209167480e-01
2.710544168949127197e-01,2.752052545547485352e-01
2.706454396247863770e-01,2.747757434844970703e-01
2.702288329601287842e-01,2.743971347808837891e-01
2.698324620723724365e-01,2.739646732807159424e-01
2.694326043128967285e-01,2.735500037670135498e-01
2.689998149871826172e-01,2.731340825557708740e-01
2.685882449150085449e-01,2.727365195751190186e-01
2.681938707828521729e-01,2.723246514797210693e-01
2.677965164184570312e-01,2.719746828079223633e-01
2.674091160297393799e-01,2.715245187282562256e-01
2.670009434223175049e-01,2.711209356784820557e-01
2.665749788284301758e-01,2.706995308399200439e-01
2.661668360233306885e-01,2.703073024749755859e-01
2.657797634601593018e-01,2.698964774608612061e-01
2.653794586658477783e-01,2.694970071315765381e-01
2.649781405925750732e-01,2.690998017787933350e-01
2.645750045776367188e-01,2.686979472637176514e-01
2.641751766204833984e-01,2.683013677597045898e-01
2.637877762317657471e-01,2.679050564765930176e-01
2.633886933326721191e-01,2.675141096115112305e-01
2.629851400852203369e-01,2.671173512935638428e-01
2.625958025455474854e-01,2.667239904403686523e-01
2.622060477733612061e-01,2.663277089595794678e-01
2.618154883384704590e-01,2.659507393836975098e-01
2.614400684833526611e-01,2.655476033687591553e-01
2.610392868518829346e-01,2.651731669902801514e-01
2.606502771377563477e-01,2.647674083709716797e-01
2.602510452270507812e-01,2.643837034702301025e-01
2.598637342453002930e-01,2.639907598495483398e-01
2.594783902168273926e-01,2.636134624481201172e-01
2.590956985950469971e-01,2.632198035717010498e-01
2.587098777294158936e-01,2.628358900547027588e-01
2.583292722702026367e-01,2.624571919441223145e-01
2.579556405544281006e-01,2.620699703693389893e-01
2.575761079788208008e-01,2.617140114307403564e-01
2.571921050548553467e-01,2.613120973110198975e-01
2.568065226078033447e-01,2.609519362449645996e-01
2.564354240894317627e-01,2.605535089969635010e-01
2.560595870018005371e-01,2.601787149906158447e-01
2.556744813919067383e-01,2.597943246364593506e-01
2.552990615367889404e-01,2.594278454780578613e-01
2.549269497394561768e-01,2.590435743331909180e-01
2.545520067214965820e-01,2.586724460124969482e-01
2.541798055171966553e-01,2.582972645759582520e-01
2.538077235221862793e-01,2.579334974288940430e-01
2.534486949443817139e-01,2.575531899929046631e-01
2.530681490898132324e-01,2.571929991245269775e-01
2.527012526988983154e-01,2.568161487579345703e-01
2.523439228534698486e-01,2.564469575881958008e-01
2.519890069961547852e-01,2.560991942882537842e-01
2.516089975833892822e-01,2.557125985622406006e-01
2.512417435646057129e-01,2.553947865962982178e-01
2.508975863456726074e-01,2.549939155578613281e-01
2.505220472812652588e-01,2.546505928039550781e-01
2.501532733440399170e-01,2.542575597763061523e-01
2.497886717319488525e-01,2.539001405239105225e-01
2.494192272424697876e-01,2.535312771797180176e-01
2.490608990192413330e-01,2.531786859035491943e-01
2.487038671970367432e-01,2.528156042098999023e-01
2.483451068401336670e-01,2.524580061435699463e-01
2.479898631572723389e-01,2.520993053913116455e-01
2.476461231708526611e-01,2.517613172531127930e-01
2.472836822271347046e-01,2.513870298862457275e-01
2.469236552715301514e-01,2.510401010513305664e-01
2.465725243091583252e-01,2.506811022758483887e-01
2.462254315614700317e-01,2.503278255462646484e-01
2.458810657262802124e-01,2.500101029872894287e-01
2.455390095710754395e-01,2.496436536312103271e-01
2.452073693275451660e-01,2.493040859699249268e-01
2.448322772979736328e-01,2.489276528358459473e-01
2.444726079702377319e-01,2.485955804586410522e-01
2.441333532333374023e-01,2.482379078865051270e-01
2.437902539968490601e-01,2.479029148817062378e-01
2.434441149234771729e-01,2.475450932979583740e-01
2.431007176637649536e-01,2.471993267536163330e-01
2.427597045898437500e-01,2.468598186969757080e-01
2.424113005399703979e-01,2.465155571699142456e-01
2.420711964368820190e-01,2.461916357278823853e-01
2.417399585247039795e-01,2.458340078592300415e-01
2.413988709449768066e-01,2.455259710550308228e-01
2.410703599452972412e-01,2.451613545417785645e-01
2.407271265983581543e-01,2.448364496231079102e-01
2.403872460126876831e-01,2.444882541894912720e-01
2.400646656751632690e-01,2.441682666540145874e-01
2.397249042987823486e-01,2.438203841447830200e-01
2.394140064716339111e-01,2.435424625873565674e-01
2.390891313552856445e-01,2.431546151638031006e-01
2.387338727712631226e-01,2.428481876850128174e-01
2.384032756090164185e-01,2.424864917993545532e-01
2.380576878786087036e-01,2.421728074550628662e-01
2.377358525991439819e-01,2.418304830789566040e-01
2.374128252267837524e-01,2.415070384740829468e-01
2.370767742395401001e-01,2.411704212427139282e-01
2.367495745420455933e-01,2.408460676670074463e-01
2.364263981580734253e-01,2.405192553997039795e-01
2.361150681972503662e-01,2.402161955833435059e-01
2.357954978942871094e-01,2.398758381605148315e-01
2.354714274406433105e-01,2.395812273025512695e-01
2.351562529802322388e-01,2.392286360263824463e-01
2.348477691411972046e-01,2.389471381902694702e-01
2.345200628042221069e-01,2.385901659727096558e-01
2.341887652873992920e-01,2.382837682962417603e-01
2.338651269674301147e-01,2.379522174596786499e-01
2.335488349199295044e-01,2.376422137022018433e-01
2.332298755645751953e-01,2.373150587081909180e-01
2.329213768243789673e-01,2.370153218507766724e-01
2.326081395149230957e-01,2.366891503334045410e-01
2.322909533977508545e-01,2.363755404949188232e-01
2.319795936346054077e-01,2.360662668943405151e-01
2.316704541444778442e-01,2.357498705387115479e-01
2.313578277826309204e-01,2.354500144720077515e-01
2.310544550418853760e-01,2.351388931274414062e-01
2.307522892951965332e-01,2.348392903804779053e-01
2.304367870092391968e-01,2.345158457756042480e-01
2.301396131515502930e-01,2.342197746038436890e-01
2.298277318477630615e-01,2.338989228010177612e-01
2.295129597187042236e-01,2.336002141237258911e-01
2.292095720767974854e-01,2.332899868488311768e-01
2.289202064275741577e-01,2.330009043216705322e-01
2.286226600408554077e-01,2.326831817626953125e-01
2.283083051443099976e-01,2.323854565620422363e-01
2.280146032571792603e-01,2.320825159549713135e-01
2.277420610189437866e-01,2.318058758974075317e-01
2.274258136749267578e-01,2.314902842044830322e-01
2.271123528480529785e-01,2.311964035034179688e-01
2.268127501010894775e-01,2.308890521526336670e-01
2.265147864818572998e-01,2.305967211723327637e-01
2.262264490127563477e-01,2.302979528903961182e-01
2.259347587823867798e-01,2.300051897764205933e-01
2.256377339363098145e-01,2.297110557556152344e-01
2.253406494855880737e-01,2.294167131185531616e-01
2.250560969114303589e-01,2.291374951601028442e-01
2.247622609138488770e-01,2.288338541984558105e-01
2.244722545146942139e-01,2.285456210374832153e-01
2.241818755865097046e-01,2.282541990280151367e-01
2.238988727331161499e-01,2.279829084873199463e-01
2.236143797636032104e-01,2.276776880025863647e-01
2.233184576034545898e-01,2.274120301008224487e-01
2.230460047721862793e-01,2.271073758602142334e-01
2.227529585361480713e-01,2.268267124891281128e-01
2.224733680486679077e-01,2.265415340662002563e-01
2.222053259611129761e-01,2.262591868638992310e-01
2.219218760728836060e-01,2.259919047355651855e-01
2.216408997774124146e-01,2.256920784711837769e-01
2.213524878025054932e-01,2.254258543252944946e-01
2.210650444030761719e-01,2.251374274492263794e-01
2.208034843206405640e-01,2.248775810003280640e-01
2.205181121826171875e-01,2.245758622884750366e-01
2.202360332012176514e-01,2.243244796991348267e-01
2.199677526950836182e-01,2.240199595689773560e-01
2.196916639804840088e-01,2.237566411495208740e-01
2.194085121154785156e-01,2.234724760055541992e-01
2.191311866044998169e-01,2.231975048780441284e-01
2.188590466976165771e-01,2.229251265525817871e-01
2.185967564582824707e-01,2.226546108722686768e-01
2.183313518762588501e-01,2.224183976650238037e-01
2.180692851543426514e-01,2.221110910177230835e-01
2.177801728248596191e-01,2.218541353940963745e-01
2.175218760967254639e-01,2.215745151042938232e-01
2.172440290451049805e-01,2.213076651096343994e-01
2.169801592826843262e-01,2.210409790277481079e-01
2.167119085788726807e-01,2.207763046026229858e-01
2.164523750543594360e-01,2.205193191766738892e-01
2.161823809146881104e-01,2.202441841363906860e-01
2.159333825111389160e-01,2.200120389461517334e-01
2.156739830970764160e-01,2.197335064411163330e-01
2.154165953397750854e-01,2.194743305444717407e-01
2.151581794023513794e-01,2.191957831382751465e-01
2.148907184600830078e-01,2.189444750547409058e-01
2.146283686161041260e-01,2.186758816242218018e-01
2.143757939338684082e-01,2.184175103902816772e-01
2.141136974096298218e-01,2.181671857833862305e-01
2.138523161411285400e-01,2.179025113582611084e-01
2.136092633008956909e-01,2.176586985588073730e-01
2.133499979972839355e-01,2.173916250467300415e-01
2.130969166755676270e-01,2.171440571546554565e-01
2.128312438726425171e-01,2.168857157230377197e-01
2.125814110040664673e-01,2.166334986686706543e-01
2.123306989669799805e-01,2.163834720849990845e-01
2.120865136384963989e-01,2.161289453506469727e-01
2.118595689535140991e-01,2.158953100442886353e-01
2.115911096334457397e-01,2.156322896480560303e-01
2.113460600376129150e-01,2.153822183609008789e-01
2.110842913389205933e-01,2.151366025209426880e-01
2.108368128538131714e-01,2.148896008729934692e-01
2.105891704559326172e-01,2.146410346031188965e-01
2.103445082902908325e-01,2.144032120704650879e-01
2.101034075021743774e-01,2.141511887311935425e-01
2.098581194877624512e-01,2.139178514480590820e-01
2.096183151006698608e-01,2.136661857366561890e-01
2.093779742717742920e-01,2.134383767843246460e-01
2.091424763202667236e-01,2.131814211606979370e-01
2.089266031980514526e-01,2.129439413547515869e-01
2.086711823940277100e-01,2.127214670181274414e-01
2.084396928548812866e-01,2.124717384576797485e-01
2.082161605358123779e-01,2.122515290975570679e-01
2.079599648714065552e-01,2.120040953159332275e-01
2.077329307794570923e-01,2.117984443902969360e-01
2.074942588806152344e-01,2.115183323621749878e-01
2.072414606809616089e-01,2.112962901592254639e-01
2.070108801126480103e-01,2.110452502965927124e-01
2.067770063877105713e-01,2.108110487461090088e-01
2.065476924180984497e-01,2.105871140956878662e-01
2.063111811876296997e-01,2.103466391563415527e-01
2.060832828283309937e-01,2.101162374019622803e-01
2.058441489934921265e-01,2.098929286003112793e-01
2.056196480989456177e-01,2.096563726663589478e-01
2.053885161876678467e-01,2.094327509403228760e-01
2.051627039909362793e-01,2.091993391513824463e-01
2.049381881952285767e-01,2.089915126562118530e-01
2.047104090452194214e-01,2.087461501359939575e-01
2.044820934534072876e-01,2.085321843624114990e-01
2.042619287967681885e-01,2.082966268062591553e-01
2.040360420942306519e-01,2.080781161785125732e-01
2.038129717111587524e-01,2.078505456447601318e-01
2.035864144563674927e-01,2.070705741643905640e-01
1.942351162433624268e-01,1.854488402605056763e-01
1.764896661043167114e-01,1.615045368671417236e-01
1.541495323181152344e-01,1.450908333063125610e-01
1.349813938140869141e-01,1.289874315261840820e-01
1.244770959019660950e-01,1.228621602058410645e-01
1.224426403641700745e-01,1.236821338534355164e-01
1.214111596345901489e-01,1.212160512804985046e-01
1.199731156229972839e-01,1.207907497882843018e-01
1.194593012332916260e-01,1.203576847910881042e-01
1.190213784575462341e-01,1.198663040995597839e-01
1.185354217886924744e-01,1.193694844841957092e-01
1.180754229426383972e-01,1.189873516559600830e-01
1.177043765783309937e-01,1.186100691556930542e-01
1.173127144575119019e-01,1.182335689663887024e-01
1.169350147247314453e-01,1.178670674562454224e-01
1.165567263960838318e-01,1.175005063414573669e-01
1.161943599581718445e-01,1.171437650918960571e-01
1.158358007669448853e-01,1.167942136526107788e-01
1.154648438096046448e-01,1.164422258734703064e-01
1.151125431060791016e-01,1.160761415958404541e-01
1.147569790482521057e-01,1.157271936535835266e-01
1.144217401742935181e-01,1.153841763734817505e-01
1.141018941998481750e-01,1.150456741452217102e-01
1.137451678514480591e-01,1.147076636552810669e-01
1.133730858564376831e-01,1.143665090203285217e-01
1.129955574870109558e-01,1.140215098857879639e-01
1.126585900783538818e-01,1.136633679270744324e-01
1.123030632734298706e-01,1.133170723915100098e-01
1.119601279497146606e-01,1.129800602793693542e-01
1.116199344396591187e-01,1.126436889171600342e-01
1.113117709755897522e-01,1.123060584068298340e-01
1.109910458326339722e-01,1.119837760925292969e-01
1.106097698211669922e-01,1.116629317402839661e-01
1.102615371346473694e-01,1.113318651914596558e-01
1.099703758955001831e-01,1.109814643859863281e-01
1.096061542630195618e-01,1.106517910957336426e-01
1.092756390571594238e-01,1.103231161832809448e-01
1.089358031749725342e-01,1.099982708692550659e-01
1.086099594831466675e-01,1.096720919013023376e-01
1.082936003804206848e-01,1.093548387289047241e-01
1.079671084880828857e-01,1.090369895100593567e-01
1.076424643397331238e-01,1.087209805846214294e-01
1.073130443692207336e-01,1.084140688180923462e-01
1.070037111639976501e-01,1.080876141786575317e-01
1.066986620426177979e-01,1.077542752027511597e-01
1.063573583960533142e-01,1.074354276061058044e-01
1.060973629355430603e-01,1.071205064654350281e-01
1.057920977473258972e-01,1.068169847130775452e-01
1.054093837738037109e-01,1.065333560109138489e-01
1.051073446869850159e-01,1.061993762850761414e-01
1.047835424542427063e-01,1.058733239769935608e-01
1.044805198907852173e-01,1.055610254406929016e-01
1.041571199893951416e-01,1.052532568573951721e-01
1.038582548499107361e-01,1.049490645527839661e-01
1.035395115613937378e-01,1.046421080827713013e-01
1.032443419098854065e-01,1.043370664119720459e-01
1.029327139258384705e-01,1.040376201272010803e-01
1.026343181729316711e-01,1.037348434329032898e-01
1.023272648453712463e-01,1.034408062696456909e-01
1.020281463861465454e-01,1.031322404742240906e-01
1.017213538289070129e-01,1.026474833488464355e-01
9.681153297424316406e-02,8.574604988098144531e-02
8.499392122030258179e-02,8.713230490684509277e-02
8.500413596630096436e-02,8.418915420770645142e-02
8.283880352973937988e-02,8.330879360437393188e-02
8.248632401227951050e-02,8.302066475152969360e-02
8.191397786140441895e-02,8.219808340072631836e-02
8.129317313432693481e-02,8.197326958179473877e-02
8.103787899017333984e-02,8.159501105546951294e-02
8.061813563108444214e-02,8.118781447410583496e-02
8.031357079744338989e-02,8.090587705373764038e-02
7.998172938823699951e-02,8.057989180088043213e-02
7.964850962162017822e-02,8.024773746728897095e-02
7.934238761663436890e-02,7.994668185710906982e-02
7.902858406305313110e-02,7.964771240949630737e-02
7.871997356414794922e-02,7.933051139116287231e-02
7.842193543910980225e-02,7.902920991182327271e-02
7.812630385160446167e-02,7.873093336820602417e-02
7.782006263732910156e-02,7.843115925788879395e-02
7.752060890197753906e-02,7.816324383020401001e-02
7.729131728410720825e-02,7.783459872007369995e-02
7.700611650943756104e-02,7.755582034587860107e-02
7.663206756114959717e-02,7.734853774309158325e-02
7.636591047048568726e-02,7.698151469230651855e-02
7.606811821460723877e-02,7.667606323957443237e-02
7.576322555541992188e-02,7.636812329292297363e-02
7.549750059843063354e-02,7.608259469270706177e-02
7.517031580209732056e-02,7.585889101028442383e-02
7.490547001361846924e-02,7.551760226488113403e-02
7.461324334144592285e-02,7.525031268596649170e-02
7.433633506298065186e-02,7.493387907743453979e-02
7.403425127267837524e-02,7.464814186096191406e-02
7.374830543994903564e-02,7.438560575246810913e-02
7.347031682729721069e-02,7.408458739519119263e-02
7.319132983684539795e-02,7.381226867437362671e-02
7.290849834680557251e-02,7.352787256240844727e-02
7.262994349002838135e-02,7.324898988008499146e-02
7.235404103994369507e-02,7.298208028078079224e-02
7.207351177930831909e-02,7.269535213708877563e-02
7.180774211883544922e-02,7.242482900619506836e-02
7.154819369316101074e-02,7.214960455894470215e-02
7.126238942146301270e-02,7.187581807374954224e-02
7.098791003227233887e-02,7.162281870841979980e-02
7.071991264820098877e-02,7.133474946022033691e-02
7.045206427574157715e-02,7.107456028461456299e-02
7.018440961837768555e-02,7.079928368330001831e-02
6.995186209678649902e-02,7.053134590387344360e-02
6.967866420745849609e-02,7.026772201061248779e-02
6.940406560897827148e-02,7.003086805343627930e-02
6.912294775247573853e-02,6.974028050899505615e-02
6.886737793684005737e-02,6.950000673532485962e-02
6.860844790935516357e-02,6.921840459108352661e-02
6.834407150745391846e-02,6.896036863327026367e-02
6.809664517641067505e-02,6.869734823703765869e-02
6.784641742706298828e-02,6.844582408666610718e-02
6.756442785263061523e-02,6.818152219057083130e-02
6.731651723384857178e-02,6.794660538434982300e-02
6.708303093910217285e-02,6.766781955957412720e-02
6.682331115007400513e-02,6.741601973772048950e-02
6.656438112258911133e-02,6.717013567686080933e-02
6.630700826644897461e-02,6.690995395183563232e-02
6.605536490678787231e-02,6.666698306798934937e-02
6.580450385808944702e-02,6.641950458288192749e-02
6.555962562561035156e-02,6.616614013910293579e-02
6.531509011983871460e-02,6.591581553220748901e-02
6.507508456707000732e-02,6.568110734224319458e-02
6.481678038835525513e-02,6.541959941387176514e-02
6.458430737257003784e-02,6.519626826047897339e-02
6.433901190757751465e-02,6.494044512510299683e-02
6.409546732902526855e-02,6.469569355249404907e-02
6.385526061058044434e-02,6.445039063692092896e-02
6.362727284431457520e-02,6.421730667352676392e-02
6.338039040565490723e-02,6.398168206214904785e-02
6.314718723297119141e-02,6.373687088489532471e-02
6.290358304977416992e-02,6.349515914916992188e-02
6.266896426677703857e-02,6.326849758625030518e-02
6.244496628642082214e-02,6.302797794342041016e-02
6.220654025673866272e-02,6.278536468744277954e-02
6.196303665637969971e-02,6.258407235145568848e-02
6.175412982702255249e-02,6.232177838683128357e-02
6.150171905755996704e-02,6.209790334105491638e-02
6.127871945500373840e-02,6.186076998710632324e-02
6.104101240634918213e-02,6.164411455392837524e-02
6.082026287913322449e-02,6.140147149562835693e-02
6.058553606271743774e-02,6.119786575436592102e-02
6.036906689405441284e-02,6.094386056065559387e-02
6.016727909445762634e-02,6.074717640876770020e-02
5.995208024978637695e-02,6.049360334873199463e-02
5.969325453042984009e-02,6.026732549071311951e-02
5.947593227028846741e-02,6.006927043199539185e-02
5.925864353775978088e-02,5.982584506273269653e-02
5.902965366840362549e-02,5.961041525006294250e-02
5.881059169769287109e-02,5.939217656850814819e-02
5.860004574060440063e-02,5.917578563094139099e-02
5.839161574840545654e-02,5.894474685192108154e-02
5.817529186606407166e-02,5.874182656407356262e-02
5.798830837011337280e-02,5.850814655423164368e-02
5.778446793556213379e-02,5.829805508255958557e-02
5.753486603498458862e-02,5.809102579951286316e-02
5.731134489178657532e-02,5.786135792732238770e-02
5.710304155945777893e-02,5.767200142145156860e-02
5.688306316733360291e-02,5.743727087974548340e-02
5.667578428983688354e-02,5.724860355257987976e-02
5.645727738738059998e-02,5.701809003949165344e-02
5.627555772662162781e-02,5.685777589678764343e-02
5.605798214673995972e-02,5.659680441021919250e-02
5.584185943007469177e-02,5.640175938606262207e-02
5.564044415950775146e-02,5.618655309081077576e-02
5.548954755067825317e-02,5.598863586783409119e-02
5.532583966851234436e-02,5.577722191810607910e-02
5.507335811853408813e-02,5.556721240282058716e-02
5.487441271543502808e-02,5.537614226341247559e-02
5.466152355074882507e-02,5.516035854816436768e-02
5.445537716150283813e-02,5.498269945383071899e-02
5.422758683562278748e-02,5.475570261478424072e-02
5.402752012014389038e-02,5.458787828683853149e-02
5.382518842816352844e-02,5.435920879244804382e-02
5.364773422479629517e-02,5.420237034559249878e-02
5.344001948833465576e-02,5.396318435668945312e-02
5.323470756411552429e-02,5.379437282681465149e-02
5.308485403656959534e-02,5.356867238879203796e-02
5.286964029073715210e-02,5.337737500667572021e-02
5.266932398080825806e-02,5.319494754076004028e-02
5.245565250515937805e-02,5.298806354403495789e-02
5.227807909250259399e-02,5.282931774854660034e-02
5.208805203437805176e-02,5.260334908962249756e-02
5.188896879553794861e-02,5.244012176990509033e-02
5.170015245676040649e-02,5.222666263580322266e-02
5.151507630944252014e-02,5.205129086971282959e-02
5.132881179451942444e-02,5.184926092624664307e-02
5.115746334195137024e-02,5.168351158499717712e-02
5.095837265253067017e-02,5.147756636142730713e-02
5.079708248376846313e-02,5.130127444863319397e-02
5.058489739894866943e-02,5.113139748573303223e-02
5.040799453854560852e-02,5.091750994324684143e-02
5.022298917174339294e-02,5.076294764876365662e-02
5.004137009382247925e-02,5.055466666817665100e-02
4.987121745944023132e-02,5.037801712751388550e-02
4.968512803316116333e-02,5.019800737500190735e-02
4.949755966663360596e-02,5.001233145594596863e-02
4.932216182351112366e-02,4.983475804328918457e-02
4.914337024092674255e-02,4.966210946440696716e-02
4.897288233041763306e-02,4.947945475578308105e-02
4.878743365406990051e-02,4.929985105991363525e-02
4.863595962524414062e-02,4.913730546832084656e-02
4.846098273992538452e-02,4.895685985684394836e-02
4.829793050885200500e-02,4.877435788512229919e-02
4.814996942877769470e-02,4.860506206750869751e-02
4.796007275581359863e-02,4.843503981828689575e-02
4.776488244533538818e-02,4.825282096862792969e-02
4.759048298001289368e-02,4.809007793664932251e-02
4.741450026631355286e-02,4.790445417165756226e-02
4.725184291601181030e-02,4.775623977184295654e-02
4.710076004266738892e-02,4.756895080208778381e-02
4.691640287637710571e-02,4.742799699306488037e-02
4.674911126494407654e-02,4.723240062594413757e-02
4.657461866736412048e-02,4.706482589244842529e-02
4.642207548022270203e-02,4.689328372478485107e-02
4.625473916530609131e-02,4.673516377806663513e-02
4.610201343894004822e-02,4.657885432243347168e-02
4.595398157835006714e-02,4.640122503042221069e-02
4.578168690204620361e-02,4.625023528933525085e-02
4.561493545770645142e-02,4.608359187841415405e-02
4.544275254011154175e-02,4.591550678014755249e-02
4.527609422802925110e-02,4.576090723276138306e-02
4.511411860585212708e-02,4.560704156756401062e-02
4.496946185827255249e-02,4.543020203709602356e-02
4.482761397957801819e-02,4.528879001736640930e-02
4.466478526592254639e-02,4.511687159538269043e-02
4.449725896120071411e-02,4.496254771947860718e-02
4.434302821755409241e-02,4.480096697807312012e-02
4.418012499809265137e-02,4.464378952980041504e-02
4.403414949774742126e-02,4.448505863547325134e-02
4.386727511882781982e-02,4.433180019259452820e-02
4.371333494782447815e-02,4.417960718274116516e-02
4.355569928884506226e-02,4.405992478132247925e-02
4.342672973871231079e-02,4.386970400810241699e-02
4.327232763171195984e-02,4.372627660632133484e-02
4.311240091919898987e-02,4.356693848967552185e-02
4.296971485018730164e-02,4.344378039240837097e-02
4.283902421593666077e-02,4.326263442635536194e-02
4.266371577978134155e-02,4.311456531286239624e-02
4.251243174076080322e-02,4.296965897083282471e-02
4.236811399459838867e-02,4.282170161604881287e-02
4.222825169563293457e-02,4.268108308315277100e-02
4.208178818225860596e-02,4.252609238028526306e-02
4.192567989230155945e-02,4.237441718578338623e-02
4.178054630756378174e-02,4.224499315023422241e-02
4.164137318730354309e-02,4.209246486425399780e-02
4.149598255753517151e-02,4.194709658622741699e-02
4.135344550013542175e-02,4.181033000349998474e-02
4.122339934110641479e-02,4.165695235133171082e-02
4.109209775924682617e-02,4.151697456836700439e-02
4.095070436596870422e-02,4.139415174722671509e-02
4.083210602402687073e-02,4.123121872544288635e-02
4.070444777607917786e-02,4.111033305525779724e-02
4.052422940731048584e-02,4.095108062028884888e-02
4.038553684949874878e-02,4.082155600190162659e-02
4.025585949420928955e-02,4.067108780145645142e-02
4.012056812644004822e-02,4.056802764534950256e-02
4.000022634863853455e-02,4.040448367595672607e-02
3.987183421850204468e-02,4.029229283332824707e-02
3.972145915031433105e-02,4.012390598654747009e-02
3.960692882537841797e-02,4.000362381339073181e-02
3.949840366840362549e-02,3.986147046089172363e-02
3.933398798108100891e-02,3.972810134291648865e-02
3.917822614312171936e-02,3.962217271327972412e-02
3.905193880200386047e-02,3.945830464363098145e-02
3.891930356621742249e-02,3.935129195451736450e-02
3.878835216164588928e-02,3.919211402535438538e-02
3.864072635769844055e-02,3.911500796675682068e-02
3.855804726481437683e-02,3.894303366541862488e-02
3.839517384767532349e-02,3.881686553359031677e-02
3.828421607613563538e-02,3.868672251701354980e-02
3.813608363270759583e-02,3.856950253248214722e-02
3.801647573709487915e-02,3.842591121792793274e-02
3.788857907056808472e-02,3.830108791589736938e-02
3.775485977530479431e-02,3.817673772573471069e-02
3.764087706804275513e-02,3.805887326598167419e-02
3.754172101616859436e-02,3.792240098118782043e-02
3.743642196059226990e-02,3.780704364180564880e-02
3.728975355625152588e-02,3.767913579940795898e-02
3.715350106358528137e-02,3.755291923880577087e-02
3.704628720879554749e-02,3.742732852697372437e-02
3.693382814526557922e-02,3.731311485171318054e-02
3.680191189050674438e-02,3.718735650181770325e-02
3.668919578194618225e-02,3.707077726721763611e-02
3.653983026742935181e-02,3.694499656558036804e-02
3.642321750521659851e-02,3.682545572519302368e-02
3.630927950143814087e-02,3.670835867524147034e-02
3.618726879358291626e-02,3.659169375896453857e-02
3.607675805687904358e-02,3.648562729358673096e-02
3.596483170986175537e-02,3.635830059647560120e-02
3.585732728242874146e-02,3.624657541513442993e-02
3.579402714967727661e-02,3.612340986728668213e-02
3.568397462368011475e-02,3.604023158550262451e-02
3.552524745464324951e-02,3.588899224996566772e-02
3.539560362696647644e-02,3.577886894345283508e-02
3.528986498713493347e-02,3.567169606685638428e-02
3.516102209687232971e-02,3.554713353514671326e-02
3.505805507302284241e-02,3.546342626214027405e-02
3.495025262236595154e-02,3.533403575420379639e-02
3.482910618185997009e-02,3.522280603647232056e-02
3.471744805574417114e-02,3.511576354503631592e-02
3.460772335529327393e-02,3.499342501163482666e-02
3.450677171349525452e-02,3.490294888615608215e-02
3.439778462052345276e-02,3.477599471807479858e-02
3.430335968732833862e-02,3.468861058354377747e-02
3.418847545981407166e-02,3.456471115350723267e-02
3.408436849713325500e-02,3.447027131915092468e-02
3.397610038518905640e-02,3.434643894433975220e-02
3.388124704360961914e-02,3.426093235611915588e-02
3.375650569796562195e-02,3.414544835686683655e-02
3.366781771183013916e-02,3.404678776860237122e-02
3.355641663074493408e-02,3.392848744988441467e-02
3.345274180173873901e-02,3.386111557483673096e-02
3.335733711719512939e-02,3.372602909803390503e-02
3.325723111629486084e-02,3.363941982388496399e-02
3.314640745520591736e-02,3.352609649300575256e-02
3.304919973015785217e-02,3.343505784869194031e-02
3.294646739959716797e-02,3.333364427089691162e-02
3.284845501184463501e-02,3.322013840079307556e-02
3.275496512651443481e-02,3.313105925917625427e-02
3.265526518225669861e-02,3.301792964339256287e-02
3.255333006381988525e-02,3.293249756097793579e-02
3.245276585221290588e-02,3.282417729496955872e-02
3.236548975110054016e-02,3.272739425301551819e-02
3.226594254374504089e-02,3.263863176107406616e-02
3.217545896768569946e-02,3.253651037812232971e-02
3.210009634494781494e-02,3.247042000293731689e-02
3.200317174196243286e-02,3.234426677227020264e-02
3.191049396991729736e-02,3.227722272276878357e-02
3.180601075291633606e-02,3.215652331709861755e-02
3.171394392848014832e-02,3.206868097186088562e-02
3.162028640508651733e-02,3.196672350168228149e-02
3.152439743280410767e-02,3.187786042690277100e-02
3.143272921442985535e-02,3.178644180297851562e-02
3.136890381574630737e-02,3.175527229905128479e-02
3.128088638186454773e-02,3.160375356674194336e-02
3.117003850638866425e-02,3.154722228646278381e-02
3.107739053666591644e-02,3.142216056585311890e-02
3.098306618630886078e-02,3.136127069592475891e-02
3.090419434010982513e-02,3.124723397195339203e-02
3.082238510251045227e-02,3.120034933090209961e-02
3.072397224605083466e-02,3.106915205717086792e-02
3.064107894897460938e-02,3.099003992974758148e-02
3.055235557258129120e-02,3.090171329677104950e-02
